{
    "accuracy": 0.8183108587650816,
    "precision": 0.6822429906542056,
    "recall": 0.5871313672922251,
    "f1_score": 0.6311239193083573,
    "roc_auc": 0.8584691067935035,
    "confusion_matrix": [
        [
            934,
            102
        ],
        [
            154,
            219
        ]
    ]
}